<?xml version="1.0" encoding="UTF-8"?>
<root>
  <item name="com.surveysparrow.ss_android_sdk.SurveySparrow com.surveysparrow.ss_android_sdk.SurveySparrow setFeedbackType(int) 0">
    <annotation name="androidx.annotation.IntDef">
      <val name="value" val="{com.surveysparrow.ss_android_sdk.SurveySparrow.SINGLE_FEEDBACK, com.surveysparrow.ss_android_sdk.SurveySparrow.MULTIPLE_FEEDBACK}" />
    </annotation>
  </item>
  <item name="com.surveysparrow.ss_android_sdk.SurveySparrow com.surveysparrow.ss_android_sdk.SurveySparrow setRepeatType(int) 0">
    <annotation name="androidx.annotation.IntDef">
      <val name="value" val="{com.surveysparrow.ss_android_sdk.SurveySparrow.REPEAT_TYPE_CONSTANT, com.surveysparrow.ss_android_sdk.SurveySparrow.REPEAT_TYPE_INCREMENTAL}" />
    </annotation>
  </item>
</root>

